Workbook

Sheet Bootstrap
A1: 1) Научимся выбирать случайный элемент из списка. Для этого можно воспользоваться функцией INDEX
A2: data= | B2: a | C2: b | D2: c | E2: d | F2: e | G2: f | H2: g | I2: h | J2: h | K2: i | M2: пятый элемент= | P2: {=INDEX(B2:K2,5)} -> e
A3: 2) Функция RANDBEETWEN позволяет получить новую выборку из случайных элементов исходной. Такая процедура называется bootstrap
A4: bootstrap= | C4: =INDEX($B$2:$K$2,RANDBETWEEN(1,10)) -> i | D4: =INDEX($B$2:$K$2,RANDBETWEEN(1,10)) -> h | E4: =INDEX($B$2:$K$2,RANDBETWEEN(1,10)) -> i | F4: =INDEX($B$2:$K$2,RANDBETWEEN(1,10)) -> g | G4: =INDEX($B$2:$K$2,RANDBETWEEN(1,10)) -> h | H4: =INDEX($B$2:$K$2,RANDBETWEEN(1,10)) -> g | I4: =INDEX($B$2:$K$2,RANDBETWEEN(1,10)) -> b | J4: =INDEX($B$2:$K$2,RANDBETWEEN(1,10)) -> e | ... L4: =INDEX($B$2:$K$2,RANDBETWEEN(1,10)) -> c
A6: 3) Бутстреп позволяет оценить распределение и дисперсию для нелинейных метрик. Мы многократно генерируем бутстреп выборки и подсчитываем для них значения интересующих нас метрик. В качестве примера статистик рассмотрим 75-персентиль (PERCENTILE) и среднее значение (AVERAGE)
A8: 4) В строке 10 расположим исходную выборку, по которой и будем проводить бутстреп. В стоках 12-1011 расположим бутстреп выборки и подсчитаем значения статистик В 11 строке подсчитаем дисперсию статистик по бутстреп выборкам
A9: PERC= | B9: MEAN= | E9: D A T A S A M P L E
A10: =PERCENTILE(C10:AA10,0.75) -> 19 | B10: =AVERAGE(C10:AA10) -> 13 | C10: 1 | D10: 2 | E10: 3 | F10: 4 | G10: 5 | H10: 6 | I10: 7 | J10: 8 | K10: 9 | L10: 10 | M10: 11 | N10: 12 | O10: 13 | P10: 14 | Q10: 15 | R10: 16 | S10: 17 | T10: 18 | U10: 19 | V10: 20 | W10: 21 | X10: 22 | Y10: 23 | Z10: 24 | AA10: 25
A11: =_xlfn.STDEV.S(A12:A1011) -> 2.1648119 | B11: =_xlfn.STDEV.S(B12:B1011) -> 1.4568969 | C11: =sigma | E11: B O O T S T R A P
A12: =PERCENTILE(C12:AA12,0.75) -> 22 | B12: =AVERAGE(C12:AA12) -> 13.72 | C12: =INDEX($C$10:$AA$10,RANDBETWEEN(1,25)) -> 5 | D12: =INDEX($C$10:$AA$10,RANDBETWEEN(1,25)) -> 16 | E12: =INDEX($C$10:$AA$10,RANDBETWEEN(1,25)) -> 6 | F12: =INDEX($C$10:$AA$10,RANDBETWEEN(1,25)) -> 23 | G12: =INDEX($C$10:$AA$10,RANDBETWEEN(1,25)) -> 7 | H12: =INDEX($C$10:$AA$10,RANDBETWEEN(1,25)) -> 14 | I12: =INDEX($C$10:$AA$10,RANDBETWEEN(1,25)) -> 25 | J12: =INDEX($C$10:$AA$10,RANDBETWEEN(1,25)) -> 3 | ... AA12: =INDEX($C$10:$AA$10,RANDBETWEEN(1,25)) -> 9
A13: =PERCENTILE(C13:AA13,0.75) -> 19 | B13: =AVERAGE(C13:AA13) -> 12.28 | C13: =INDEX($C$10:$AA$10,RANDBETWEEN(1,25)) -> 24 | D13: =INDEX($C$10:$AA$10,RANDBETWEEN(1,25)) -> 11 | E13: =INDEX($C$10:$AA$10,RANDBETWEEN(1,25)) -> 20 | F13: =INDEX($C$10:$AA$10,RANDBETWEEN(1,25)) -> 21 | G13: =INDEX($C$10:$AA$10,RANDBETWEEN(1,25)) -> 7 | H13: =INDEX($C$10:$AA$10,RANDBETWEEN(1,25)) -> 10 | I13: =INDEX($C$10:$AA$10,RANDBETWEEN(1,25)) -> 8 | J13: =INDEX($C$10:$AA$10,RANDBETWEEN(1,25)) -> 22 | ... AA13: =INDEX($C$10:$AA$10,RANDBETWEEN(1,25)) -> 3
A14: =PERCENTILE(C14:AA14,0.75) -> 16 | B14: =AVERAGE(C14:AA14) -> 10.96 | C14: =INDEX($C$10:$AA$10,RANDBETWEEN(1,25)) -> 11 | D14: =INDEX($C$10:$AA$10,RANDBETWEEN(1,25)) -> 3 | E14: =INDEX($C$10:$AA$10,RANDBETWEEN(1,25)) -> 9 | F14: =INDEX($C$10:$AA$10,RANDBETWEEN(1,25)) -> 16 | G14: =INDEX($C$10:$AA$10,RANDBETWEEN(1,25)) -> 14 | H14: =INDEX($C$10:$AA$10,RANDBETWEEN(1,25)) -> 15 | I14: =INDEX($C$10:$AA$10,RANDBETWEEN(1,25)) -> 12 | J14: =INDEX($C$10:$AA$10,RANDBETWEEN(1,25)) -> 11 | ... AA14: =INDEX($C$10:$AA$10,RANDBETWEEN(1,25)) -> 11
A15: =PERCENTILE(C15:AA15,0.75) -> 19 | B15: =AVERAGE(C15:AA15) -> 14.6 | C15: =INDEX($C$10:$AA$10,RANDBETWEEN(1,25)) -> 1 | D15: =INDEX($C$10:$AA$10,RANDBETWEEN(1,25)) -> 8 | E15: =INDEX($C$10:$AA$10,RANDBETWEEN(1,25)) -> 25 | F15: =INDEX($C$10:$AA$10,RANDBETWEEN(1,25)) -> 7 | G15: =INDEX($C$10:$AA$10,RANDBETWEEN(1,25)) -> 18 | H15: =INDEX($C$10:$AA$10,RANDBETWEEN(1,25)) -> 19 | I15: =INDEX($C$10:$AA$10,RANDBETWEEN(1,25)) -> 25 | J15: =INDEX($C$10:$AA$10,RANDBETWEEN(1,25)) -> 25 | ... AA15: =INDEX($C$10:$AA$10,RANDBETWEEN(1,25)) -> 10
A16: =PERCENTILE(C16:AA16,0.75) -> 19 | B16: =AVERAGE(C16:AA16) -> 12.64 | C16: =INDEX($C$10:$AA$10,RANDBETWEEN(1,25)) -> 17 | D16: =INDEX($C$10:$AA$10,RANDBETWEEN(1,25)) -> 14 | E16: =INDEX($C$10:$AA$10,RANDBETWEEN(1,25)) -> 14 | F16: =INDEX($C$10:$AA$10,RANDBETWEEN(1,25)) -> 1 | G16: =INDEX($C$10:$AA$10,RANDBETWEEN(1,25)) -> 22 | H16: =INDEX($C$10:$AA$10,RANDBETWEEN(1,25)) -> 21 | I16: =INDEX($C$10:$AA$10,RANDBETWEEN(1,25)) -> 8 | J16: =INDEX($C$10:$AA$10,RANDBETWEEN(1,25)) -> 25 | ... AA16: =INDEX($C$10:$AA$10,RANDBETWEEN(1,25)) -> 16
A17: =PERCENTILE(C17:AA17,0.75) -> 19 | B17: =AVERAGE(C17:AA17) -> 13.8 | C17: =INDEX($C$10:$AA$10,RANDBETWEEN(1,25)) -> 14 | D17: =INDEX($C$10:$AA$10,RANDBETWEEN(1,25)) -> 19 | E17: =INDEX($C$10:$AA$10,RANDBETWEEN(1,25)) -> 15 | F17: =INDEX($C$10:$AA$10,RANDBETWEEN(1,25)) -> 22 | G17: =INDEX($C$10:$AA$10,RANDBETWEEN(1,25)) -> 19 | H17: =INDEX($C$10:$AA$10,RANDBETWEEN(1,25)) -> 5 | I17: =INDEX($C$10:$AA$10,RANDBETWEEN(1,25)) -> 9 | J17: =INDEX($C$10:$AA$10,RANDBETWEEN(1,25)) -> 20 | ... AA17: =INDEX($C$10:$AA$10,RANDBETWEEN(1,25)) -> 18
A18: =PERCENTILE(C18:AA18,0.75) -> 19 | B18: =AVERAGE(C18:AA18) -> 13.52 | C18: =INDEX($C$10:$AA$10,RANDBETWEEN(1,25)) -> 14 | D18: =INDEX($C$10:$AA$10,RANDBETWEEN(1,25)) -> 5 | E18: =INDEX($C$10:$AA$10,RANDBETWEEN(1,25)) -> 21 | F18: =INDEX($C$10:$AA$10,RANDBETWEEN(1,25)) -> 18 | G18: =INDEX($C$10:$AA$10,RANDBETWEEN(1,25)) -> 7 | H18: =INDEX($C$10:$AA$10,RANDBETWEEN(1,25)) -> 10 | I18: =INDEX($C$10:$AA$10,RANDBETWEEN(1,25)) -> 18 | J18: =INDEX($C$10:$AA$10,RANDBETWEEN(1,25)) -> 21 | ... AA18: =INDEX($C$10:$AA$10,RANDBETWEEN(1,25)) -> 10
A19: =PERCENTILE(C19:AA19,0.75) -> 19 | B19: =AVERAGE(C19:AA19) -> 13.28 | C19: =INDEX($C$10:$AA$10,RANDBETWEEN(1,25)) -> 14 | D19: =INDEX($C$10:$AA$10,RANDBETWEEN(1,25)) -> 22 | E19: =INDEX($C$10:$AA$10,RANDBETWEEN(1,25)) -> 9 | F19: =INDEX($C$10:$AA$10,RANDBETWEEN(1,25)) -> 23 | G19: =INDEX($C$10:$AA$10,RANDBETWEEN(1,25)) -> 1 | H19: =INDEX($C$10:$AA$10,RANDBETWEEN(1,25)) -> 3 | I19: =INDEX($C$10:$AA$10,RANDBETWEEN(1,25)) -> 21 | J19: =INDEX($C$10:$AA$10,RANDBETWEEN(1,25)) -> 21 | ... AA19: =INDEX($C$10:$AA$10,RANDBETWEEN(1,25)) -> 14
A20: =PERCENTILE(C20:AA20,0.75) -> 21 | B20: =AVERAGE(C20:AA20) -> 14.8 | C20: =INDEX($C$10:$AA$10,RANDBETWEEN(1,25)) -> 8 | D20: =INDEX($C$10:$AA$10,RANDBETWEEN(1,25)) -> 13 | E20: =INDEX($C$10:$AA$10,RANDBETWEEN(1,25)) -> 22 | F20: =INDEX($C$10:$AA$10,RANDBETWEEN(1,25)) -> 21 | G20: =INDEX($C$10:$AA$10,RANDBETWEEN(1,25)) -> 10 | H20: =INDEX($C$10:$AA$10,RANDBETWEEN(1,25)) -> 2 | I20: =INDEX($C$10:$AA$10,RANDBETWEEN(1,25)) -> 9 | J20: =INDEX($C$10:$AA$10,RANDBETWEEN(1,25)) -> 21 | ... AA20: =INDEX($C$10:$AA$10,RANDBETWEEN(1,25)) -> 25
A21: =PERCENTILE(C21:AA21,0.75) -> 19 | B21: =AVERAGE(C21:AA21) -> 12.12 | C21: =INDEX($C$10:$AA$10,RANDBETWEEN(1,25)) -> 10 | D21: =INDEX($C$10:$AA$10,RANDBETWEEN(1,25)) -> 16 | E21: =INDEX($C$10:$AA$10,RANDBETWEEN(1,25)) -> 15 | F21: =INDEX($C$10:$AA$10,RANDBETWEEN(1,25)) -> 8 | G21: =INDEX($C$10:$AA$10,RANDBETWEEN(1,25)) -> 3 | H21: =INDEX($C$10:$AA$10,RANDBETWEEN(1,25)) -> 7 | I21: =INDEX($C$10:$AA$10,RANDBETWEEN(1,25)) -> 4 | J21: =INDEX($C$10:$AA$10,RANDBETWEEN(1,25)) -> 11 | ... AA21: =INDEX($C$10:$AA$10,RANDBETWEEN(1,25)) -> 21
A22: =PERCENTILE(C22:AA22,0.75) -> 20 | B22: =AVERAGE(C22:AA22) -> 12.52 | C22: =INDEX($C$10:$AA$10,RANDBETWEEN(1,25)) -> 15 | D22: =INDEX($C$10:$AA$10,RANDBETWEEN(1,25)) -> 6 | E22: =INDEX($C$10:$AA$10,RANDBETWEEN(1,25)) -> 24 | F22: =INDEX($C$10:$AA$10,RANDBETWEEN(1,25)) -> 23 | G22: =INDEX($C$10:$AA$10,RANDBETWEEN(1,25)) -> 22 | H22: =INDEX($C$10:$AA$10,RANDBETWEEN(1,25)) -> 8 | I22: =INDEX($C$10:$AA$10,RANDBETWEEN(1,25)) -> 10 | J22: =INDEX($C$10:$AA$10,RANDBETWEEN(1,25)) -> 3 | ... AA22: =INDEX($C$10:$AA$10,RANDBETWEEN(1,25)) -> 20
A23: =PERCENTILE(C23:AA23,0.75) -> 21 | B23: =AVERAGE(C23:AA23) -> 12.56 | C23: =INDEX($C$10:$AA$10,RANDBETWEEN(1,25)) -> 4 | D23: =INDEX($C$10:$AA$10,RANDBETWEEN(1,25)) -> 20 | E23: =INDEX($C$10:$AA$10,RANDBETWEEN(1,25)) -> 9 | F23: =INDEX($C$10:$AA$10,RANDBETWEEN(1,25)) -> 17 | G23: =INDEX($C$10:$AA$10,RANDBETWEEN(1,25)) -> 23 | H23: =INDEX($C$10:$AA$10,RANDBETWEEN(1,25)) -> 23 | I23: =INDEX($C$10:$AA$10,RANDBETWEEN(1,25)) -> 6 | J23: =INDEX($C$10:$AA$10,RANDBETWEEN(1,25)) -> 1 | ... AA23: =INDEX($C$10:$AA$10,RANDBETWEEN(1,25)) -> 21
... A1011: =PERCENTILE(C1011:AA1011,0.75) -> 21 | B1011: =AVERAGE(C1011:AA1011) -> 14.92 | C1011: =INDEX($C$10:$AA$10,RANDBETWEEN(1,25)) -> 24 | D1011: =INDEX($C$10:$AA$10,RANDBETWEEN(1,25)) -> 25 | E1011: =INDEX($C$10:$AA$10,RANDBETWEEN(1,25)) -> 4 | F1011: =INDEX($C$10:$AA$10,RANDBETWEEN(1,25)) -> 19 | G1011: =INDEX($C$10:$AA$10,RANDBETWEEN(1,25)) -> 18 | H1011: =INDEX($C$10:$AA$10,RANDBETWEEN(1,25)) -> 19 | I1011: =INDEX($C$10:$AA$10,RANDBETWEEN(1,25)) -> 16 | J1011: =INDEX($C$10:$AA$10,RANDBETWEEN(1,25)) -> 3 | ... AA1011: =INDEX($C$10:$AA$10,RANDBETWEEN(1,25)) -> 11

Sheet Доверительные интервалы
A1: PERC= | B1: MEAN= | D1: 1) Скопируем данные по подсчитанным метрикам на основании бутстреп-выборок, посчитаем результаты
A2: =Bootstrap!A12 -> 22 | B2: =Bootstrap!B12 -> 13.72 | H2: PERC= | I2: MEAN=
A3: =Bootstrap!A13 -> 19 | B3: =Bootstrap!B13 -> 12.28 | D3: Метрика на основании исходных данных | H3: =Bootstrap!A10 -> 19 | I3: =Bootstrap!B10 -> 13
A4: =Bootstrap!A14 -> 16 | B4: =Bootstrap!B14 -> 10.96 | D4: Среднее значение метрик на основании бутстреп | H4: =AVERAGE(A2:A1001) -> 18.674 | I4: =AVERAGE(B2:B1001) -> 12.96276
A5: =Bootstrap!A15 -> 19 | B5: =Bootstrap!B15 -> 14.6 | D5: Стандартное отклонение на основании бутстреп | H5: =_xlfn.STDEV.S(A2:A1001) -> 2.1648119 | I5: =_xlfn.STDEV.S(B2:B1001) -> 1.4568969
A6: =Bootstrap!A16 -> 19 | B6: =Bootstrap!B16 -> 12.64
A7: =Bootstrap!A17 -> 19 | B7: =Bootstrap!B17 -> 13.8 | D7: 2) Построим гистограммы для вычисленных значений метрик
A8: =Bootstrap!A18 -> 19 | B8: =Bootstrap!B18 -> 13.52
A9: =Bootstrap!A19 -> 19 | B9: =Bootstrap!B19 -> 13.28
A10: =Bootstrap!A20 -> 21 | B10: =Bootstrap!B20 -> 14.8
A11: =Bootstrap!A21 -> 19 | B11: =Bootstrap!B21 -> 12.12
A12: =Bootstrap!A22 -> 20 | B12: =Bootstrap!B22 -> 12.52
A13: =Bootstrap!A23 -> 21 | B13: =Bootstrap!B23 -> 12.56
A14: =Bootstrap!A24 -> 18 | B14: =Bootstrap!B24 -> 12.52
A15: =Bootstrap!A25 -> 18 | B15: =Bootstrap!B25 -> 13.36
A16: =Bootstrap!A26 -> 20 | B16: =Bootstrap!B26 -> 13.88
A17: =Bootstrap!A27 -> 21 | B17: =Bootstrap!B27 -> 15.92
A18: =Bootstrap!A28 -> 20 | B18: =Bootstrap!B28 -> 13.32
A19: =Bootstrap!A29 -> 19 | B19: =Bootstrap!B29 -> 12.6
... A23: =Bootstrap!A33 -> 15 | B23: =Bootstrap!B33 -> 11.24
A24: =Bootstrap!A34 -> 21 | B24: =Bootstrap!B34 -> 14.08 | D24: 3) Посчитаем 80% доверительный интервал тремя способами: нормальный, на основании персентилей, центральный
A25: =Bootstrap!A35 -> 18 | B25: =Bootstrap!B35 -> 10.72 | D25: conf.level= | E25: 0.8 | G25: PERC | I25: AVERAGE
A26: =Bootstrap!A36 -> 18 | B26: =Bootstrap!B36 -> 12.92 | D26: Нормальный доверительный интервал | G26: =$H$3 - $H$5 * _xlfn.NORM.S.INV(1 - (1-$E$25)/2) -> 16.225682 | H26: =$H$3 + $H$5 * _xlfn.NORM.S.INV(1 - (1-$E$25)/2) -> 21.774318 | I26: =$I$3 - $I$5 * _xlfn.NORM.S.INV(1 - (1-$E$25)/2) -> 11.132912 | J26: =$I$3 + $I$5 * _xlfn.NORM.S.INV(1 - (1-$E$25)/2) -> 14.867088
A27: =Bootstrap!A37 -> 15 | B27: =Bootstrap!B37 -> 11.2 | D27: Интервал на основе персентилей | G27: =PERCENTILE($A2:$A1001,(1-$E$25)/2) -> 16 | H27: =PERCENTILE($A2:$A1001,1-(1-$E$25)/2) -> 21 | I27: =PERCENTILE($B2:$B1001,(1-$E$25)/2) -> 11.116 | J27: =PERCENTILE($B2:$B1001,1-(1-$E$25)/2) -> 14.8
A28: =Bootstrap!A38 -> 19 | B28: =Bootstrap!B38 -> 12.4 | D28: Центральный доверительный интервал | G28: =2 * H3 - H27 -> 17 | H28: =2 * H3 - G27 -> 22 | I28: =2 * I3 - J27 -> 11.2 | J28: =2 * I3 - I27 -> 14.884
A29: =Bootstrap!A39 -> 19 | B29: =Bootstrap!B39 -> 13.84 | D29: Внимательно разберитесь со всеми формулами в ячейках
A30: =Bootstrap!A40 -> 22 | B30: =Bootstrap!B40 -> 16.08
A31: =Bootstrap!A41 -> 20 | B31: =Bootstrap!B41 -> 13.4
A32: =Bootstrap!A42 -> 18 | B32: =Bootstrap!B42 -> 12.32
A33: =Bootstrap!A43 -> 17 | B33: =Bootstrap!B43 -> 11.24
A34: =Bootstrap!A44 -> 19 | B34: =Bootstrap!B44 -> 11.56
A35: =Bootstrap!A45 -> 15 | B35: =Bootstrap!B45 -> 11.48
A36: =Bootstrap!A46 -> 17 | B36: =Bootstrap!B46 -> 12.28
A37: =Bootstrap!A47 -> 16 | B37: =Bootstrap!B47 -> 13.04
A38: =Bootstrap!A48 -> 18 | B38: =Bootstrap!B48 -> 14.4
A39: =Bootstrap!A49 -> 19 | B39: =Bootstrap!B49 -> 14.12
A40: =Bootstrap!A50 -> 21 | B40: =Bootstrap!B50 -> 13.04
A41: =Bootstrap!A51 -> 20 | B41: =Bootstrap!B51 -> 13.92
... A1001: =Bootstrap!A1011 -> 21 | B1001: =Bootstrap!B1011 -> 14.92

Sheet AB-Data
A1: =AVERAGE(A3:A102) -> 8.0482541 | B1: =AVERAGE(B3:B102) -> 8.2900782 | D1: delta | E1: =B1-A1 -> 0.24182418
A2: A Group | B2: B Group
A3: 10.455008 | B3: 8.007653
A4: 7.8535027 | B4: 8.4361443
A5: 6.1812034 | B5: 7.676293
A6: 10.082596 | B6: 8.1388615
A7: 8.7283019 | B7: 9.701609
A8: 6.4764491 | B8: 8.683007
A9: 8.6129946 | B9: 8.4014165
A10: 6.7841723 | B10: 8.9304051
A11: 8.186263 | B11: 8.0935481
A12: 7.9964067 | B12: 7.6599859
A13: 7.6228504 | B13: 7.4816748
A14: 6.8300616 | B14: 7.7327453
... A102: 7.6109014 | B102: 6.343617

Sheet A-Bootstrap
A1: =AVERAGE(A3:A102) -> 7.8674159 | B1: =AVERAGE(B3:B102) -> 8.315763 | C1: =AVERAGE(C3:C102) -> 8.0640742 | D1: =AVERAGE(D3:D102) -> 8.2169746 | E1: =AVERAGE(E3:E102) -> 8.130965 | F1: =AVERAGE(F3:F102) -> 8.0302442 | G1: =AVERAGE(G3:G102) -> 7.8963322 | H1: =AVERAGE(H3:H102) -> 7.872128 | ... Y1: =AVERAGE(Y3:Y102) -> 8.0091418
A2: B O O T S T R A P
A3: {=INDEX('AB-Data'!$A$3:$A$102,RANDBETWEEN(1,100))} -> 9.2018677 | B3: {=INDEX('AB-Data'!$A$3:$A$102,RANDBETWEEN(1,100))} -> 8.7283019 | C3: {=INDEX('AB-Data'!$A$3:$A$102,RANDBETWEEN(1,100))} -> 7.5141611 | D3: {=INDEX('AB-Data'!$A$3:$A$102,RANDBETWEEN(1,100))} -> 7.5303086 | E3: {=INDEX('AB-Data'!$A$3:$A$102,RANDBETWEEN(1,100))} -> 6.9628296 | F3: {=INDEX('AB-Data'!$A$3:$A$102,RANDBETWEEN(1,100))} -> 6.6742174 | G3: {=INDEX('AB-Data'!$A$3:$A$102,RANDBETWEEN(1,100))} -> 9.4141188 | H3: {=INDEX('AB-Data'!$A$3:$A$102,RANDBETWEEN(1,100))} -> 6.7111534 | ... Y3: {=INDEX('AB-Data'!$A$3:$A$102,RANDBETWEEN(1,100))} -> 7.6429189
A4: {=INDEX('AB-Data'!$A$3:$A$102,RANDBETWEEN(1,100))} -> 9.5192283 | B4: {=INDEX('AB-Data'!$A$3:$A$102,RANDBETWEEN(1,100))} -> 9.5192283 | C4: {=INDEX('AB-Data'!$A$3:$A$102,RANDBETWEEN(1,100))} -> 8.8683257 | D4: {=INDEX('AB-Data'!$A$3:$A$102,RANDBETWEEN(1,100))} -> 7.1772529 | E4: {=INDEX('AB-Data'!$A$3:$A$102,RANDBETWEEN(1,100))} -> 6.9244452 | F4: {=INDEX('AB-Data'!$A$3:$A$102,RANDBETWEEN(1,100))} -> 7.5771553 | G4: {=INDEX('AB-Data'!$A$3:$A$102,RANDBETWEEN(1,100))} -> 8.3325245 | H4: {=INDEX('AB-Data'!$A$3:$A$102,RANDBETWEEN(1,100))} -> 6.9628296 | ... Y4: {=INDEX('AB-Data'!$A$3:$A$102,RANDBETWEEN(1,100))} -> 8.3590626
A5: {=INDEX('AB-Data'!$A$3:$A$102,RANDBETWEEN(1,100))} -> 7.8535027 | B5: {=INDEX('AB-Data'!$A$3:$A$102,RANDBETWEEN(1,100))} -> 6.1926713 | C5: {=INDEX('AB-Data'!$A$3:$A$102,RANDBETWEEN(1,100))} -> 8.7340694 | D5: {=INDEX('AB-Data'!$A$3:$A$102,RANDBETWEEN(1,100))} -> 7.6385431 | E5: {=INDEX('AB-Data'!$A$3:$A$102,RANDBETWEEN(1,100))} -> 8.1068835 | F5: {=INDEX('AB-Data'!$A$3:$A$102,RANDBETWEEN(1,100))} -> 7.0367526 | G5: {=INDEX('AB-Data'!$A$3:$A$102,RANDBETWEEN(1,100))} -> 7.5141611 | H5: {=INDEX('AB-Data'!$A$3:$A$102,RANDBETWEEN(1,100))} -> 6.9187703 | ... Y5: {=INDEX('AB-Data'!$A$3:$A$102,RANDBETWEEN(1,100))} -> 6.9244452
A6: {=INDEX('AB-Data'!$A$3:$A$102,RANDBETWEEN(1,100))} -> 7.7150181 | B6: {=INDEX('AB-Data'!$A$3:$A$102,RANDBETWEEN(1,100))} -> 7.0367526 | C6: {=INDEX('AB-Data'!$A$3:$A$102,RANDBETWEEN(1,100))} -> 8.3416385 | D6: {=INDEX('AB-Data'!$A$3:$A$102,RANDBETWEEN(1,100))} -> 9.7968745 | E6: {=INDEX('AB-Data'!$A$3:$A$102,RANDBETWEEN(1,100))} -> 8.8683257 | F6: {=INDEX('AB-Data'!$A$3:$A$102,RANDBETWEEN(1,100))} -> 9.586197 | G6: {=INDEX('AB-Data'!$A$3:$A$102,RANDBETWEEN(1,100))} -> 7.5141611 | H6: {=INDEX('AB-Data'!$A$3:$A$102,RANDBETWEEN(1,100))} -> 8.6931865 | ... Y6: {=INDEX('AB-Data'!$A$3:$A$102,RANDBETWEEN(1,100))} -> 9.0676213
A7: {=INDEX('AB-Data'!$A$3:$A$102,RANDBETWEEN(1,100))} -> 8.6129946 | B7: {=INDEX('AB-Data'!$A$3:$A$102,RANDBETWEEN(1,100))} -> 8.5048917 | C7: {=INDEX('AB-Data'!$A$3:$A$102,RANDBETWEEN(1,100))} -> 7.1356297 | D7: {=INDEX('AB-Data'!$A$3:$A$102,RANDBETWEEN(1,100))} -> 9.2018677 | E7: {=INDEX('AB-Data'!$A$3:$A$102,RANDBETWEEN(1,100))} -> 7.6228504 | F7: {=INDEX('AB-Data'!$A$3:$A$102,RANDBETWEEN(1,100))} -> 8.3896712 | G7: {=INDEX('AB-Data'!$A$3:$A$102,RANDBETWEEN(1,100))} -> 8.2433166 | H7: {=INDEX('AB-Data'!$A$3:$A$102,RANDBETWEEN(1,100))} -> 8.792677 | ... Y7: {=INDEX('AB-Data'!$A$3:$A$102,RANDBETWEEN(1,100))} -> 8.6129946
A8: {=INDEX('AB-Data'!$A$3:$A$102,RANDBETWEEN(1,100))} -> 6.4764491 | B8: {=INDEX('AB-Data'!$A$3:$A$102,RANDBETWEEN(1,100))} -> 8.3590626 | C8: {=INDEX('AB-Data'!$A$3:$A$102,RANDBETWEEN(1,100))} -> 6.9244452 | D8: {=INDEX('AB-Data'!$A$3:$A$102,RANDBETWEEN(1,100))} -> 6.8300616 | E8: {=INDEX('AB-Data'!$A$3:$A$102,RANDBETWEEN(1,100))} -> 8.3416385 | F8: {=INDEX('AB-Data'!$A$3:$A$102,RANDBETWEEN(1,100))} -> 7.6578596 | G8: {=INDEX('AB-Data'!$A$3:$A$102,RANDBETWEEN(1,100))} -> 7.0072767 | H8: {=INDEX('AB-Data'!$A$3:$A$102,RANDBETWEEN(1,100))} -> 7.6109014 | ... Y8: {=INDEX('AB-Data'!$A$3:$A$102,RANDBETWEEN(1,100))} -> 8.7340694
A9: {=INDEX('AB-Data'!$A$3:$A$102,RANDBETWEEN(1,100))} -> 8.1591331 | B9: {=INDEX('AB-Data'!$A$3:$A$102,RANDBETWEEN(1,100))} -> 7.060391 | C9: {=INDEX('AB-Data'!$A$3:$A$102,RANDBETWEEN(1,100))} -> 8.7314263 | D9: {=INDEX('AB-Data'!$A$3:$A$102,RANDBETWEEN(1,100))} -> 8.1591331 | E9: {=INDEX('AB-Data'!$A$3:$A$102,RANDBETWEEN(1,100))} -> 6.4764491 | F9: {=INDEX('AB-Data'!$A$3:$A$102,RANDBETWEEN(1,100))} -> 9.1779614 | G9: {=INDEX('AB-Data'!$A$3:$A$102,RANDBETWEEN(1,100))} -> 7.4910125 | H9: {=INDEX('AB-Data'!$A$3:$A$102,RANDBETWEEN(1,100))} -> 8.1885839 | ... Y9: {=INDEX('AB-Data'!$A$3:$A$102,RANDBETWEEN(1,100))} -> 9.0068755
A10: {=INDEX('AB-Data'!$A$3:$A$102,RANDBETWEEN(1,100))} -> 8.7340694 | B10: {=INDEX('AB-Data'!$A$3:$A$102,RANDBETWEEN(1,100))} -> 9.586197 | C10: {=INDEX('AB-Data'!$A$3:$A$102,RANDBETWEEN(1,100))} -> 7.0367526 | D10: {=INDEX('AB-Data'!$A$3:$A$102,RANDBETWEEN(1,100))} -> 7.8599773 | E10: {=INDEX('AB-Data'!$A$3:$A$102,RANDBETWEEN(1,100))} -> 8.1885839 | F10: {=INDEX('AB-Data'!$A$3:$A$102,RANDBETWEEN(1,100))} -> 6.8300616 | G10: {=INDEX('AB-Data'!$A$3:$A$102,RANDBETWEEN(1,100))} -> 10.455008 | H10: {=INDEX('AB-Data'!$A$3:$A$102,RANDBETWEEN(1,100))} -> 9.8856021 | ... Y10: {=INDEX('AB-Data'!$A$3:$A$102,RANDBETWEEN(1,100))} -> 6.6381386
A11: {=INDEX('AB-Data'!$A$3:$A$102,RANDBETWEEN(1,100))} -> 7.4375941 | B11: {=INDEX('AB-Data'!$A$3:$A$102,RANDBETWEEN(1,100))} -> 7.4910125 | C11: {=INDEX('AB-Data'!$A$3:$A$102,RANDBETWEEN(1,100))} -> 7.6385431 | D11: {=INDEX('AB-Data'!$A$3:$A$102,RANDBETWEEN(1,100))} -> 7.9964067 | E11: {=INDEX('AB-Data'!$A$3:$A$102,RANDBETWEEN(1,100))} -> 7.7150181 | F11: {=INDEX('AB-Data'!$A$3:$A$102,RANDBETWEEN(1,100))} -> 7.060391 | G11: {=INDEX('AB-Data'!$A$3:$A$102,RANDBETWEEN(1,100))} -> 8.2433166 | H11: {=INDEX('AB-Data'!$A$3:$A$102,RANDBETWEEN(1,100))} -> 7.0874952 | ... Y11: {=INDEX('AB-Data'!$A$3:$A$102,RANDBETWEEN(1,100))} -> 6.2608861
A12: {=INDEX('AB-Data'!$A$3:$A$102,RANDBETWEEN(1,100))} -> 7.4910125 | B12: {=INDEX('AB-Data'!$A$3:$A$102,RANDBETWEEN(1,100))} -> 9.5192283 | C12: {=INDEX('AB-Data'!$A$3:$A$102,RANDBETWEEN(1,100))} -> 7.6578596 | D12: {=INDEX('AB-Data'!$A$3:$A$102,RANDBETWEEN(1,100))} -> 8.186263 | E12: {=INDEX('AB-Data'!$A$3:$A$102,RANDBETWEEN(1,100))} -> 7.5141611 | F12: {=INDEX('AB-Data'!$A$3:$A$102,RANDBETWEEN(1,100))} -> 7.0367526 | G12: {=INDEX('AB-Data'!$A$3:$A$102,RANDBETWEEN(1,100))} -> 7.0072767 | H12: {=INDEX('AB-Data'!$A$3:$A$102,RANDBETWEEN(1,100))} -> 7.1356297 | ... Y12: {=INDEX('AB-Data'!$A$3:$A$102,RANDBETWEEN(1,100))} -> 6.4764491
A13: {=INDEX('AB-Data'!$A$3:$A$102,RANDBETWEEN(1,100))} -> 9.1779614 | B13: {=INDEX('AB-Data'!$A$3:$A$102,RANDBETWEEN(1,100))} -> 8.5471654 | C13: {=INDEX('AB-Data'!$A$3:$A$102,RANDBETWEEN(1,100))} -> 7.6429189 | D13: {=INDEX('AB-Data'!$A$3:$A$102,RANDBETWEEN(1,100))} -> 9.3254007 | E13: {=INDEX('AB-Data'!$A$3:$A$102,RANDBETWEEN(1,100))} -> 7.5771553 | F13: {=INDEX('AB-Data'!$A$3:$A$102,RANDBETWEEN(1,100))} -> 8.8683257 | G13: {=INDEX('AB-Data'!$A$3:$A$102,RANDBETWEEN(1,100))} -> 7.4630589 | H13: {=INDEX('AB-Data'!$A$3:$A$102,RANDBETWEEN(1,100))} -> 9.4080207 | ... Y13: {=INDEX('AB-Data'!$A$3:$A$102,RANDBETWEEN(1,100))} -> 8.9183481
A14: {=INDEX('AB-Data'!$A$3:$A$102,RANDBETWEEN(1,100))} -> 7.8535027 | B14: {=INDEX('AB-Data'!$A$3:$A$102,RANDBETWEEN(1,100))} -> 8.2433166 | C14: {=INDEX('AB-Data'!$A$3:$A$102,RANDBETWEEN(1,100))} -> 7.9302225 | D14: {=INDEX('AB-Data'!$A$3:$A$102,RANDBETWEEN(1,100))} -> 9.586197 | E14: {=INDEX('AB-Data'!$A$3:$A$102,RANDBETWEEN(1,100))} -> 8.9412859 | F14: {=INDEX('AB-Data'!$A$3:$A$102,RANDBETWEEN(1,100))} -> 7.060391 | G14: {=INDEX('AB-Data'!$A$3:$A$102,RANDBETWEEN(1,100))} -> 8.186263 | H14: {=INDEX('AB-Data'!$A$3:$A$102,RANDBETWEEN(1,100))} -> 9.0676213 | ... Y14: {=INDEX('AB-Data'!$A$3:$A$102,RANDBETWEEN(1,100))} -> 6.9072878
... A102: {=INDEX('AB-Data'!$A$3:$A$102,RANDBETWEEN(1,100))} -> 9.0317228 | B102: {=INDEX('AB-Data'!$A$3:$A$102,RANDBETWEEN(1,100))} -> 8.186263 | C102: {=INDEX('AB-Data'!$A$3:$A$102,RANDBETWEEN(1,100))} -> 7.4910125 | D102: {=INDEX('AB-Data'!$A$3:$A$102,RANDBETWEEN(1,100))} -> 9.3472295 | E102: {=INDEX('AB-Data'!$A$3:$A$102,RANDBETWEEN(1,100))} -> 8.5471654 | F102: {=INDEX('AB-Data'!$A$3:$A$102,RANDBETWEEN(1,100))} -> 6.8300616 | G102: {=INDEX('AB-Data'!$A$3:$A$102,RANDBETWEEN(1,100))} -> 6.6381386 | H102: {=INDEX('AB-Data'!$A$3:$A$102,RANDBETWEEN(1,100))} -> 6.9346221 | ... Y102: {=INDEX('AB-Data'!$A$3:$A$102,RANDBETWEEN(1,100))} -> 8.6992558

Sheet B-Bootstrap
A1: =AVERAGE(A3:A102) -> 8.2795209 | B1: =AVERAGE(B3:B102) -> 8.2575809 | C1: =AVERAGE(C3:C102) -> 8.2149541 | D1: =AVERAGE(D3:D102) -> 8.48207 | E1: =AVERAGE(E3:E102) -> 8.3663552 | F1: =AVERAGE(F3:F102) -> 8.2728264 | G1: =AVERAGE(G3:G102) -> 8.3766966 | H1: =AVERAGE(H3:H102) -> 8.193404 | ... Y1: =AVERAGE(Y3:Y102) -> 8.3327008
A2: B O O T S T R A P
A3: {=INDEX('AB-Data'!$B$3:$B$102, RANDBETWEEN(1,100))} -> 8.1764534 | B3: {=INDEX('AB-Data'!$B$3:$B$102, RANDBETWEEN(1,100))} -> 8.6975 | C3: {=INDEX('AB-Data'!$B$3:$B$102, RANDBETWEEN(1,100))} -> 9.6064541 | D3: {=INDEX('AB-Data'!$B$3:$B$102, RANDBETWEEN(1,100))} -> 8.6823742 | E3: {=INDEX('AB-Data'!$B$3:$B$102, RANDBETWEEN(1,100))} -> 8.304153 | F3: {=INDEX('AB-Data'!$B$3:$B$102, RANDBETWEEN(1,100))} -> 8.7901171 | G3: {=INDEX('AB-Data'!$B$3:$B$102, RANDBETWEEN(1,100))} -> 8.4846535 | H3: {=INDEX('AB-Data'!$B$3:$B$102, RANDBETWEEN(1,100))} -> 7.639108 | ... Y3: {=INDEX('AB-Data'!$B$3:$B$102, RANDBETWEEN(1,100))} -> 7.5361981
A4: {=INDEX('AB-Data'!$B$3:$B$102, RANDBETWEEN(1,100))} -> 9.5405194 | B4: {=INDEX('AB-Data'!$B$3:$B$102, RANDBETWEEN(1,100))} -> 7.5194121 | C4: {=INDEX('AB-Data'!$B$3:$B$102, RANDBETWEEN(1,100))} -> 7.7535209 | D4: {=INDEX('AB-Data'!$B$3:$B$102, RANDBETWEEN(1,100))} -> 7.6599859 | E4: {=INDEX('AB-Data'!$B$3:$B$102, RANDBETWEEN(1,100))} -> 7.7918047 | F4: {=INDEX('AB-Data'!$B$3:$B$102, RANDBETWEEN(1,100))} -> 7.1590549 | G4: {=INDEX('AB-Data'!$B$3:$B$102, RANDBETWEEN(1,100))} -> 9.4606623 | H4: {=INDEX('AB-Data'!$B$3:$B$102, RANDBETWEEN(1,100))} -> 8.683007 | ... Y4: {=INDEX('AB-Data'!$B$3:$B$102, RANDBETWEEN(1,100))} -> 9.5767662
A5: {=INDEX('AB-Data'!$B$3:$B$102, RANDBETWEEN(1,100))} -> 9.3776541 | B5: {=INDEX('AB-Data'!$B$3:$B$102, RANDBETWEEN(1,100))} -> 9.7614994 | C5: {=INDEX('AB-Data'!$B$3:$B$102, RANDBETWEEN(1,100))} -> 7.7914061 | D5: {=INDEX('AB-Data'!$B$3:$B$102, RANDBETWEEN(1,100))} -> 8.9211393 | E5: {=INDEX('AB-Data'!$B$3:$B$102, RANDBETWEEN(1,100))} -> 7.4376694 | F5: {=INDEX('AB-Data'!$B$3:$B$102, RANDBETWEEN(1,100))} -> 9.0644934 | G5: {=INDEX('AB-Data'!$B$3:$B$102, RANDBETWEEN(1,100))} -> 8.404719 | H5: {=INDEX('AB-Data'!$B$3:$B$102, RANDBETWEEN(1,100))} -> 6.1249223 | ... Y5: {=INDEX('AB-Data'!$B$3:$B$102, RANDBETWEEN(1,100))} -> 7.7535209
A6: {=INDEX('AB-Data'!$B$3:$B$102, RANDBETWEEN(1,100))} -> 8.0994545 | B6: {=INDEX('AB-Data'!$B$3:$B$102, RANDBETWEEN(1,100))} -> 8.0994545 | C6: {=INDEX('AB-Data'!$B$3:$B$102, RANDBETWEEN(1,100))} -> 8.9304051 | D6: {=INDEX('AB-Data'!$B$3:$B$102, RANDBETWEEN(1,100))} -> 7.5194121 | E6: {=INDEX('AB-Data'!$B$3:$B$102, RANDBETWEEN(1,100))} -> 7.6583677 | F6: {=INDEX('AB-Data'!$B$3:$B$102, RANDBETWEEN(1,100))} -> 8.4361443 | G6: {=INDEX('AB-Data'!$B$3:$B$102, RANDBETWEEN(1,100))} -> 8.8261286 | H6: {=INDEX('AB-Data'!$B$3:$B$102, RANDBETWEEN(1,100))} -> 7.6227141 | ... Y6: {=INDEX('AB-Data'!$B$3:$B$102, RANDBETWEEN(1,100))} -> 7.9539193
A7: {=INDEX('AB-Data'!$B$3:$B$102, RANDBETWEEN(1,100))} -> 8.404719 | B7: {=INDEX('AB-Data'!$B$3:$B$102, RANDBETWEEN(1,100))} -> 6.343617 | C7: {=INDEX('AB-Data'!$B$3:$B$102, RANDBETWEEN(1,100))} -> 8.4846535 | D7: {=INDEX('AB-Data'!$B$3:$B$102, RANDBETWEEN(1,100))} -> 8.7901171 | E7: {=INDEX('AB-Data'!$B$3:$B$102, RANDBETWEEN(1,100))} -> 7.9212722 | F7: {=INDEX('AB-Data'!$B$3:$B$102, RANDBETWEEN(1,100))} -> 8.4014165 | G7: {=INDEX('AB-Data'!$B$3:$B$102, RANDBETWEEN(1,100))} -> 8.0115371 | H7: {=INDEX('AB-Data'!$B$3:$B$102, RANDBETWEEN(1,100))} -> 7.1445041 | ... Y7: {=INDEX('AB-Data'!$B$3:$B$102, RANDBETWEEN(1,100))} -> 7.4281904
A8: {=INDEX('AB-Data'!$B$3:$B$102, RANDBETWEEN(1,100))} -> 9.153127 | B8: {=INDEX('AB-Data'!$B$3:$B$102, RANDBETWEEN(1,100))} -> 8.2440536 | C8: {=INDEX('AB-Data'!$B$3:$B$102, RANDBETWEEN(1,100))} -> 8.2632083 | D8: {=INDEX('AB-Data'!$B$3:$B$102, RANDBETWEEN(1,100))} -> 8.304153 | E8: {=INDEX('AB-Data'!$B$3:$B$102, RANDBETWEEN(1,100))} -> 8.007653 | F8: {=INDEX('AB-Data'!$B$3:$B$102, RANDBETWEEN(1,100))} -> 8.1766762 | G8: {=INDEX('AB-Data'!$B$3:$B$102, RANDBETWEEN(1,100))} -> 9.0644934 | H8: {=INDEX('AB-Data'!$B$3:$B$102, RANDBETWEEN(1,100))} -> 9.5405194 | ... Y8: {=INDEX('AB-Data'!$B$3:$B$102, RANDBETWEEN(1,100))} -> 7.6653544
A9: {=INDEX('AB-Data'!$B$3:$B$102, RANDBETWEEN(1,100))} -> 7.5361981 | B9: {=INDEX('AB-Data'!$B$3:$B$102, RANDBETWEEN(1,100))} -> 8.4492203 | C9: {=INDEX('AB-Data'!$B$3:$B$102, RANDBETWEEN(1,100))} -> 8.404719 | D9: {=INDEX('AB-Data'!$B$3:$B$102, RANDBETWEEN(1,100))} -> 9.5405194 | E9: {=INDEX('AB-Data'!$B$3:$B$102, RANDBETWEEN(1,100))} -> 8.0994545 | F9: {=INDEX('AB-Data'!$B$3:$B$102, RANDBETWEEN(1,100))} -> 9.6064541 | G9: {=INDEX('AB-Data'!$B$3:$B$102, RANDBETWEEN(1,100))} -> 9.2304354 | H9: {=INDEX('AB-Data'!$B$3:$B$102, RANDBETWEEN(1,100))} -> 6.7876598 | ... Y9: {=INDEX('AB-Data'!$B$3:$B$102, RANDBETWEEN(1,100))} -> 6.1249223
A10: {=INDEX('AB-Data'!$B$3:$B$102, RANDBETWEEN(1,100))} -> 8.9211393 | B10: {=INDEX('AB-Data'!$B$3:$B$102, RANDBETWEEN(1,100))} -> 8.1388615 | C10: {=INDEX('AB-Data'!$B$3:$B$102, RANDBETWEEN(1,100))} -> 7.0186892 | D10: {=INDEX('AB-Data'!$B$3:$B$102, RANDBETWEEN(1,100))} -> 7.7535209 | E10: {=INDEX('AB-Data'!$B$3:$B$102, RANDBETWEEN(1,100))} -> 8.4846535 | F10: {=INDEX('AB-Data'!$B$3:$B$102, RANDBETWEEN(1,100))} -> 8.2440536 | G10: {=INDEX('AB-Data'!$B$3:$B$102, RANDBETWEEN(1,100))} -> 9.701609 | H10: {=INDEX('AB-Data'!$B$3:$B$102, RANDBETWEEN(1,100))} -> 10.075295 | ... Y10: {=INDEX('AB-Data'!$B$3:$B$102, RANDBETWEEN(1,100))} -> 8.4492203
A11: {=INDEX('AB-Data'!$B$3:$B$102, RANDBETWEEN(1,100))} -> 8.4492203 | B11: {=INDEX('AB-Data'!$B$3:$B$102, RANDBETWEEN(1,100))} -> 9.2945511 | C11: {=INDEX('AB-Data'!$B$3:$B$102, RANDBETWEEN(1,100))} -> 8.6016194 | D11: {=INDEX('AB-Data'!$B$3:$B$102, RANDBETWEEN(1,100))} -> 7.5194121 | E11: {=INDEX('AB-Data'!$B$3:$B$102, RANDBETWEEN(1,100))} -> 8.9211393 | F11: {=INDEX('AB-Data'!$B$3:$B$102, RANDBETWEEN(1,100))} -> 8.4014165 | G11: {=INDEX('AB-Data'!$B$3:$B$102, RANDBETWEEN(1,100))} -> 8.4492203 | H11: {=INDEX('AB-Data'!$B$3:$B$102, RANDBETWEEN(1,100))} -> 8.7901171 | ... Y11: {=INDEX('AB-Data'!$B$3:$B$102, RANDBETWEEN(1,100))} -> 7.6798229
A12: {=INDEX('AB-Data'!$B$3:$B$102, RANDBETWEEN(1,100))} -> 7.1590549 | B12: {=INDEX('AB-Data'!$B$3:$B$102, RANDBETWEEN(1,100))} -> 8.3965601 | C12: {=INDEX('AB-Data'!$B$3:$B$102, RANDBETWEEN(1,100))} -> 7.7526875 | D12: {=INDEX('AB-Data'!$B$3:$B$102, RANDBETWEEN(1,100))} -> 8.5783779 | E12: {=INDEX('AB-Data'!$B$3:$B$102, RANDBETWEEN(1,100))} -> 8.6181961 | F12: {=INDEX('AB-Data'!$B$3:$B$102, RANDBETWEEN(1,100))} -> 8.1764534 | G12: {=INDEX('AB-Data'!$B$3:$B$102, RANDBETWEEN(1,100))} -> 8.007653 | H12: {=INDEX('AB-Data'!$B$3:$B$102, RANDBETWEEN(1,100))} -> 9.0644934 | ... Y12: {=INDEX('AB-Data'!$B$3:$B$102, RANDBETWEEN(1,100))} -> 8.9211393
A13: {=INDEX('AB-Data'!$B$3:$B$102, RANDBETWEEN(1,100))} -> 8.0038006 | B13: {=INDEX('AB-Data'!$B$3:$B$102, RANDBETWEEN(1,100))} -> 8.0994545 | C13: {=INDEX('AB-Data'!$B$3:$B$102, RANDBETWEEN(1,100))} -> 7.639108 | D13: {=INDEX('AB-Data'!$B$3:$B$102, RANDBETWEEN(1,100))} -> 9.9462306 | E13: {=INDEX('AB-Data'!$B$3:$B$102, RANDBETWEEN(1,100))} -> 8.0261083 | F13: {=INDEX('AB-Data'!$B$3:$B$102, RANDBETWEEN(1,100))} -> 7.6227141 | G13: {=INDEX('AB-Data'!$B$3:$B$102, RANDBETWEEN(1,100))} -> 9.153127 | H13: {=INDEX('AB-Data'!$B$3:$B$102, RANDBETWEEN(1,100))} -> 6.343617 | ... Y13: {=INDEX('AB-Data'!$B$3:$B$102, RANDBETWEEN(1,100))} -> 9.7614994
A14: {=INDEX('AB-Data'!$B$3:$B$102, RANDBETWEEN(1,100))} -> 8.1764534 | B14: {=INDEX('AB-Data'!$B$3:$B$102, RANDBETWEEN(1,100))} -> 7.7914061 | C14: {=INDEX('AB-Data'!$B$3:$B$102, RANDBETWEEN(1,100))} -> 7.4198842 | D14: {=INDEX('AB-Data'!$B$3:$B$102, RANDBETWEEN(1,100))} -> 9.7614994 | E14: {=INDEX('AB-Data'!$B$3:$B$102, RANDBETWEEN(1,100))} -> 6.7876598 | F14: {=INDEX('AB-Data'!$B$3:$B$102, RANDBETWEEN(1,100))} -> 6.1249223 | G14: {=INDEX('AB-Data'!$B$3:$B$102, RANDBETWEEN(1,100))} -> 9.3776541 | H14: {=INDEX('AB-Data'!$B$3:$B$102, RANDBETWEEN(1,100))} -> 8.7901171 | ... Y14: {=INDEX('AB-Data'!$B$3:$B$102, RANDBETWEEN(1,100))} -> 8.0115371
... A102: {=INDEX('AB-Data'!$B$3:$B$102, RANDBETWEEN(1,100))} -> 7.6798229 | B102: {=INDEX('AB-Data'!$B$3:$B$102, RANDBETWEEN(1,100))} -> 8.1764534 | C102: {=INDEX('AB-Data'!$B$3:$B$102, RANDBETWEEN(1,100))} -> 8.822806 | D102: {=INDEX('AB-Data'!$B$3:$B$102, RANDBETWEEN(1,100))} -> 8.1766762 | E102: {=INDEX('AB-Data'!$B$3:$B$102, RANDBETWEEN(1,100))} -> 8.9231023 | F102: {=INDEX('AB-Data'!$B$3:$B$102, RANDBETWEEN(1,100))} -> 7.7914061 | G102: {=INDEX('AB-Data'!$B$3:$B$102, RANDBETWEEN(1,100))} -> 7.6798229 | H102: {=INDEX('AB-Data'!$B$3:$B$102, RANDBETWEEN(1,100))} -> 8.404719 | ... Y102: {=INDEX('AB-Data'!$B$3:$B$102, RANDBETWEEN(1,100))} -> 8.7657103

Sheet Diff & CI
A1: ='B-Bootstrap'!A1-'A-Bootstrap'!A1 -> 0.41210494 | B1: ='B-Bootstrap'!B1-'A-Bootstrap'!B1 -> -0.058182091 | C1: ='B-Bootstrap'!C1-'A-Bootstrap'!C1 -> 0.15087994 | D1: ='B-Bootstrap'!D1-'A-Bootstrap'!D1 -> 0.26509541 | E1: ='B-Bootstrap'!E1-'A-Bootstrap'!E1 -> 0.23539019 | F1: ='B-Bootstrap'!F1-'A-Bootstrap'!F1 -> 0.24258217 | G1: ='B-Bootstrap'!G1-'A-Bootstrap'!G1 -> 0.48036446 | H1: ='B-Bootstrap'!H1-'A-Bootstrap'!H1 -> 0.32127595 | ... Y1: ='B-Bootstrap'!Y1-'A-Bootstrap'!Y1 -> 0.32355895
A3: метрика= | C3: ='AB-Data'!B1-'AB-Data'!A1 -> 0.24182418 | D3: std= | F3: =_xlfn.STDEV.S(A1:Y1) -> 0.13999056
A4: доверие= | C4: 0.95 | D4: Z= | F4: =_xlfn.NORM.S.INV(1 - (1-C4)/2) -> 1.959964
A6: доверительный интервал
A7: left= | C7: =C3-F3*F4 -> -0.032552274 | D7: right= | F7: =C3+F3*F4 -> 0.51620063
A8: результат | E8: =IF(C7*F7>0,"УСПЕХ","НЕУДАЧА") -> НЕУДАЧА

Sheet Load Time
A1: =AVERAGE(A4:A503) -> 0.070479486 | B1: =AVERAGE(B4:B503) -> 0.073555376 | C1: =среднее | D1: =B1-A1 -> 0.00307589
A2: =PERCENTILE(A4:A503,0.99) -> 0.09776069 | B2: =PERCENTILE(B4:B503,0.99) -> 0.09372255 | C2: =квантиль 99% | D2: =B2-A2 -> -0.00403814
A3: A group | B3: B group
A4: 0.061575 | B4: 0.075394
A5: 0.074598 | B5: 0.083278
A6: 0.059221 | B6: 0.078287
A7: 0.07106 | B7: 0.085461
A8: 0.07134 | B8: 0.078636
A9: 0.085412 | B9: 0.072816
A10: 0.081662 | B10: 0.062323
A11: 0.063531 | B11: 0.071824
A12: 0.068518 | B12: 0.08519
A13: 0.058848 | B13: 0.076227
A14: 0.073449 | B14: 0.060888
A15: 0.068814 | B15: 0.070143
... A503: 0.077858 | B503: 0.071131

Sheet Solution A-Bootstrap
A1: mean = | B1: =AVERAGE(B4:B503) -> 0.071462526 | C1: =AVERAGE(C4:C503) -> 0.07033157 | D1: =AVERAGE(D4:D503) -> 0.069464648 | E1: =AVERAGE(E4:E503) -> 0.07048442 | F1: =AVERAGE(F4:F503) -> 0.069692322 | G1: =AVERAGE(G4:G503) -> 0.069790648 | H1: =AVERAGE(H4:H503) -> 0.070883562 | I1: =AVERAGE(I4:I503) -> 0.069727628 | ... CZ1: =AVERAGE(CZ4:CZ503) -> 0.070647842
A2: perc_99 = | B2: =PERCENTILE(B4:B503,0.99) -> 0.099069 | C2: =PERCENTILE(C4:C503,0.99) -> 0.095053 | D2: =PERCENTILE(D4:D503,0.99) -> 0.09776069 | E2: =PERCENTILE(E4:E503,0.99) -> 0.096303 | F2: =PERCENTILE(F4:F503,0.99) -> 0.09387727 | G2: =PERCENTILE(G4:G503,0.99) -> 0.094674 | H2: =PERCENTILE(H4:H503,0.99) -> 0.097829 | I2: =PERCENTILE(I4:I503,0.99) -> 0.09311178 | ... CZ2: =PERCENTILE(CZ4:CZ503,0.99) -> 0.100079
B3: выборка 1 | C3: выборка 2 | D3: выборка 3 | E3: выборка 4 | F3: выборка 5 | G3: выборка 6 | H3: выборка 7 | I3: выборка 8 | J3: выборка 9 | K3: выборка 10 | L3: выборка 11 | M3: выборка 12 | N3: выборка 13 | O3: выборка 14 | P3: выборка 15 | Q3: выборка 16 | R3: выборка 17 | S3: выборка 18 | T3: выборка 19 | U3: выборка 20 | V3: выборка 21 | W3: выборка 22 | X3: выборка 23 | Y3: выборка 24 | Z3: выборка 25 | AA3: выборка 26 | AB3: выборка 27 | AC3: выборка 28 | AD3: выборка 29 | AE3: выборка 30 | AF3: выборка 31 | AG3: выборка 32 | AH3: выборка 33 | AI3: выборка 34 | AJ3: выборка 35 | AK3: выборка 36 | AL3: выборка 37 | AM3: выборка 38 | AN3: выборка 39 | AO3: выборка 40 | AP3: выборка 41 | AQ3: выборка 42 | AR3: выборка 43 | AS3: выборка 44 | AT3: выборка 45 | AU3: выборка 46 | AV3: выборка 47 | AW3: выборка 48 | AX3: выборка 49 | AY3: выборка 50 | AZ3: выборка 51 | BA3: выборка 52 | BB3: выборка 53 | BC3: выборка 54 | BD3: выборка 55 | BE3: выборка 56 | BF3: выборка 57 | BG3: выборка 58 | BH3: выборка 59 | BI3: выборка 60 | BJ3: выборка 61 | BK3: выборка 62 | BL3: выборка 63 | BM3: выборка 64 | BN3: выборка 65 | BO3: выборка 66 | BP3: выборка 67 | BQ3: выборка 68 | BR3: выборка 69 | BS3: выборка 70 | BT3: выборка 71 | BU3: выборка 72 | BV3: выборка 73 | BW3: выборка 74 | BX3: выборка 75 | BY3: выборка 76 | BZ3: выборка 77 | CA3: выборка 78 | CB3: выборка 79 | CC3: выборка 80 | CD3: выборка 81 | CE3: выборка 82 | CF3: выборка 83 | CG3: выборка 84 | CH3: выборка 85 | CI3: выборка 86 | CJ3: выборка 87 | CK3: выборка 88 | CL3: выборка 89 | CM3: выборка 90 | CN3: выборка 91 | CO3: выборка 92 | CP3: выборка 93 | CQ3: выборка 94 | CR3: выборка 95 | CS3: выборка 96 | CT3: выборка 97 | CU3: выборка 98 | CV3: выборка 99 | CW3: выборка 100 | CX3: выборка 101 | CY3: выборка 102 | CZ3: выборка 103
B4: {=INDEX('Load Time'!$A$4:$A$503,RANDBETWEEN(1,500))} -> 0.070202 | C4: {=INDEX('Load Time'!$A$4:$A$503,RANDBETWEEN(1,500))} -> 0.050433 | D4: {=INDEX('Load Time'!$A$4:$A$503,RANDBETWEEN(1,500))} -> 0.083506 | E4: {=INDEX('Load Time'!$A$4:$A$503,RANDBETWEEN(1,500))} -> 0.053339 | F4: {=INDEX('Load Time'!$A$4:$A$503,RANDBETWEEN(1,500))} -> 0.062231 | G4: {=INDEX('Load Time'!$A$4:$A$503,RANDBETWEEN(1,500))} -> 0.071425 | H4: {=INDEX('Load Time'!$A$4:$A$503,RANDBETWEEN(1,500))} -> 0.063206 | I4: {=INDEX('Load Time'!$A$4:$A$503,RANDBETWEEN(1,500))} -> 0.068583 | ... CZ4: {=INDEX('Load Time'!$A$4:$A$503,RANDBETWEEN(1,500))} -> 0.067721
B5: {=INDEX('Load Time'!$A$4:$A$503,RANDBETWEEN(1,500))} -> 0.081662 | C5: {=INDEX('Load Time'!$A$4:$A$503,RANDBETWEEN(1,500))} -> 0.078936 | D5: {=INDEX('Load Time'!$A$4:$A$503,RANDBETWEEN(1,500))} -> 0.086425 | E5: {=INDEX('Load Time'!$A$4:$A$503,RANDBETWEEN(1,500))} -> 0.066435 | F5: {=INDEX('Load Time'!$A$4:$A$503,RANDBETWEEN(1,500))} -> 0.06206 | G5: {=INDEX('Load Time'!$A$4:$A$503,RANDBETWEEN(1,500))} -> 0.09243 | H5: {=INDEX('Load Time'!$A$4:$A$503,RANDBETWEEN(1,500))} -> 0.071258 | I5: {=INDEX('Load Time'!$A$4:$A$503,RANDBETWEEN(1,500))} -> 0.071467 | ... CZ5: {=INDEX('Load Time'!$A$4:$A$503,RANDBETWEEN(1,500))} -> 0.058772
B6: {=INDEX('Load Time'!$A$4:$A$503,RANDBETWEEN(1,500))} -> 0.060827 | C6: {=INDEX('Load Time'!$A$4:$A$503,RANDBETWEEN(1,500))} -> 0.085948 | D6: {=INDEX('Load Time'!$A$4:$A$503,RANDBETWEEN(1,500))} -> 0.072416 | E6: {=INDEX('Load Time'!$A$4:$A$503,RANDBETWEEN(1,500))} -> 0.072421 | F6: {=INDEX('Load Time'!$A$4:$A$503,RANDBETWEEN(1,500))} -> 0.062231 | G6: {=INDEX('Load Time'!$A$4:$A$503,RANDBETWEEN(1,500))} -> 0.073166 | H6: {=INDEX('Load Time'!$A$4:$A$503,RANDBETWEEN(1,500))} -> 0.067721 | I6: {=INDEX('Load Time'!$A$4:$A$503,RANDBETWEEN(1,500))} -> 0.060111 | ... CZ6: {=INDEX('Load Time'!$A$4:$A$503,RANDBETWEEN(1,500))} -> 0.070627
B7: {=INDEX('Load Time'!$A$4:$A$503,RANDBETWEEN(1,500))} -> 0.072421 | C7: {=INDEX('Load Time'!$A$4:$A$503,RANDBETWEEN(1,500))} -> 0.064814 | D7: {=INDEX('Load Time'!$A$4:$A$503,RANDBETWEEN(1,500))} -> 0.048253 | E7: {=INDEX('Load Time'!$A$4:$A$503,RANDBETWEEN(1,500))} -> 0.077035 | F7: {=INDEX('Load Time'!$A$4:$A$503,RANDBETWEEN(1,500))} -> 0.091902 | G7: {=INDEX('Load Time'!$A$4:$A$503,RANDBETWEEN(1,500))} -> 0.051627 | H7: {=INDEX('Load Time'!$A$4:$A$503,RANDBETWEEN(1,500))} -> 0.070646 | I7: {=INDEX('Load Time'!$A$4:$A$503,RANDBETWEEN(1,500))} -> 0.070318 | ... CZ7: {=INDEX('Load Time'!$A$4:$A$503,RANDBETWEEN(1,500))} -> 0.073116
B8: {=INDEX('Load Time'!$A$4:$A$503,RANDBETWEEN(1,500))} -> 0.065562 | C8: {=INDEX('Load Time'!$A$4:$A$503,RANDBETWEEN(1,500))} -> 0.070107 | D8: {=INDEX('Load Time'!$A$4:$A$503,RANDBETWEEN(1,500))} -> 0.079613 | E8: {=INDEX('Load Time'!$A$4:$A$503,RANDBETWEEN(1,500))} -> 0.080402 | F8: {=INDEX('Load Time'!$A$4:$A$503,RANDBETWEEN(1,500))} -> 0.070696 | G8: {=INDEX('Load Time'!$A$4:$A$503,RANDBETWEEN(1,500))} -> 0.053535 | H8: {=INDEX('Load Time'!$A$4:$A$503,RANDBETWEEN(1,500))} -> 0.053692 | I8: {=INDEX('Load Time'!$A$4:$A$503,RANDBETWEEN(1,500))} -> 0.084085 | ... CZ8: {=INDEX('Load Time'!$A$4:$A$503,RANDBETWEEN(1,500))} -> 0.067693
B9: {=INDEX('Load Time'!$A$4:$A$503,RANDBETWEEN(1,500))} -> 0.072416 | C9: {=INDEX('Load Time'!$A$4:$A$503,RANDBETWEEN(1,500))} -> 0.068583 | D9: {=INDEX('Load Time'!$A$4:$A$503,RANDBETWEEN(1,500))} -> 0.068583 | E9: {=INDEX('Load Time'!$A$4:$A$503,RANDBETWEEN(1,500))} -> 0.096303 | F9: {=INDEX('Load Time'!$A$4:$A$503,RANDBETWEEN(1,500))} -> 0.060842 | G9: {=INDEX('Load Time'!$A$4:$A$503,RANDBETWEEN(1,500))} -> 0.056605 | H9: {=INDEX('Load Time'!$A$4:$A$503,RANDBETWEEN(1,500))} -> 0.058213 | I9: {=INDEX('Load Time'!$A$4:$A$503,RANDBETWEEN(1,500))} -> 0.071817 | ... CZ9: {=INDEX('Load Time'!$A$4:$A$503,RANDBETWEEN(1,500))} -> 0.074474
B10: {=INDEX('Load Time'!$A$4:$A$503,RANDBETWEEN(1,500))} -> 0.087689 | C10: {=INDEX('Load Time'!$A$4:$A$503,RANDBETWEEN(1,500))} -> 0.064825 | D10: {=INDEX('Load Time'!$A$4:$A$503,RANDBETWEEN(1,500))} -> 0.075305 | E10: {=INDEX('Load Time'!$A$4:$A$503,RANDBETWEEN(1,500))} -> 0.086096 | F10: {=INDEX('Load Time'!$A$4:$A$503,RANDBETWEEN(1,500))} -> 0.082978 | G10: {=INDEX('Load Time'!$A$4:$A$503,RANDBETWEEN(1,500))} -> 0.040964 | H10: {=INDEX('Load Time'!$A$4:$A$503,RANDBETWEEN(1,500))} -> 0.066719 | I10: {=INDEX('Load Time'!$A$4:$A$503,RANDBETWEEN(1,500))} -> 0.069762 | ... CZ10: {=INDEX('Load Time'!$A$4:$A$503,RANDBETWEEN(1,500))} -> 0.069326
B11: {=INDEX('Load Time'!$A$4:$A$503,RANDBETWEEN(1,500))} -> 0.059409 | C11: {=INDEX('Load Time'!$A$4:$A$503,RANDBETWEEN(1,500))} -> 0.072547 | D11: {=INDEX('Load Time'!$A$4:$A$503,RANDBETWEEN(1,500))} -> 0.081223 | E11: {=INDEX('Load Time'!$A$4:$A$503,RANDBETWEEN(1,500))} -> 0.0609 | F11: {=INDEX('Load Time'!$A$4:$A$503,RANDBETWEEN(1,500))} -> 0.07313 | G11: {=INDEX('Load Time'!$A$4:$A$503,RANDBETWEEN(1,500))} -> 0.069645 | H11: {=INDEX('Load Time'!$A$4:$A$503,RANDBETWEEN(1,500))} -> 0.078799 | I11: {=INDEX('Load Time'!$A$4:$A$503,RANDBETWEEN(1,500))} -> 0.08049 | ... CZ11: {=INDEX('Load Time'!$A$4:$A$503,RANDBETWEEN(1,500))} -> 0.068118
B12: {=INDEX('Load Time'!$A$4:$A$503,RANDBETWEEN(1,500))} -> 0.069177 | C12: {=INDEX('Load Time'!$A$4:$A$503,RANDBETWEEN(1,500))} -> 0.053193 | D12: {=INDEX('Load Time'!$A$4:$A$503,RANDBETWEEN(1,500))} -> 0.053516 | E12: {=INDEX('Load Time'!$A$4:$A$503,RANDBETWEEN(1,500))} -> 0.078727 | F12: {=INDEX('Load Time'!$A$4:$A$503,RANDBETWEEN(1,500))} -> 0.067401 | G12: {=INDEX('Load Time'!$A$4:$A$503,RANDBETWEEN(1,500))} -> 0.06353 | H12: {=INDEX('Load Time'!$A$4:$A$503,RANDBETWEEN(1,500))} -> 0.083506 | I12: {=INDEX('Load Time'!$A$4:$A$503,RANDBETWEEN(1,500))} -> 0.082937 | ... CZ12: {=INDEX('Load Time'!$A$4:$A$503,RANDBETWEEN(1,500))} -> 0.052791
B13: {=INDEX('Load Time'!$A$4:$A$503,RANDBETWEEN(1,500))} -> 0.096303 | C13: {=INDEX('Load Time'!$A$4:$A$503,RANDBETWEEN(1,500))} -> 0.062093 | D13: {=INDEX('Load Time'!$A$4:$A$503,RANDBETWEEN(1,500))} -> 0.077096 | E13: {=INDEX('Load Time'!$A$4:$A$503,RANDBETWEEN(1,500))} -> 0.063235 | F13: {=INDEX('Load Time'!$A$4:$A$503,RANDBETWEEN(1,500))} -> 0.055703 | G13: {=INDEX('Load Time'!$A$4:$A$503,RANDBETWEEN(1,500))} -> 0.067752 | H13: {=INDEX('Load Time'!$A$4:$A$503,RANDBETWEEN(1,500))} -> 0.076076 | I13: {=INDEX('Load Time'!$A$4:$A$503,RANDBETWEEN(1,500))} -> 0.068594 | ... CZ13: {=INDEX('Load Time'!$A$4:$A$503,RANDBETWEEN(1,500))} -> 0.073091
B14: {=INDEX('Load Time'!$A$4:$A$503,RANDBETWEEN(1,500))} -> 0.067034 | C14: {=INDEX('Load Time'!$A$4:$A$503,RANDBETWEEN(1,500))} -> 0.072249 | D14: {=INDEX('Load Time'!$A$4:$A$503,RANDBETWEEN(1,500))} -> 0.066719 | E14: {=INDEX('Load Time'!$A$4:$A$503,RANDBETWEEN(1,500))} -> 0.072086 | F14: {=INDEX('Load Time'!$A$4:$A$503,RANDBETWEEN(1,500))} -> 0.075547 | G14: {=INDEX('Load Time'!$A$4:$A$503,RANDBETWEEN(1,500))} -> 0.05841 | H14: {=INDEX('Load Time'!$A$4:$A$503,RANDBETWEEN(1,500))} -> 0.058848 | I14: {=INDEX('Load Time'!$A$4:$A$503,RANDBETWEEN(1,500))} -> 0.089504 | ... CZ14: {=INDEX('Load Time'!$A$4:$A$503,RANDBETWEEN(1,500))} -> 0.075305
B15: {=INDEX('Load Time'!$A$4:$A$503,RANDBETWEEN(1,500))} -> 0.072887 | C15: {=INDEX('Load Time'!$A$4:$A$503,RANDBETWEEN(1,500))} -> 0.072228 | D15: {=INDEX('Load Time'!$A$4:$A$503,RANDBETWEEN(1,500))} -> 0.085197 | E15: {=INDEX('Load Time'!$A$4:$A$503,RANDBETWEEN(1,500))} -> 0.081223 | F15: {=INDEX('Load Time'!$A$4:$A$503,RANDBETWEEN(1,500))} -> 0.053692 | G15: {=INDEX('Load Time'!$A$4:$A$503,RANDBETWEEN(1,500))} -> 0.076942 | H15: {=INDEX('Load Time'!$A$4:$A$503,RANDBETWEEN(1,500))} -> 0.083342 | I15: {=INDEX('Load Time'!$A$4:$A$503,RANDBETWEEN(1,500))} -> 0.073116 | ... CZ15: {=INDEX('Load Time'!$A$4:$A$503,RANDBETWEEN(1,500))} -> 0.069842
... B503: {=INDEX('Load Time'!$A$4:$A$503,RANDBETWEEN(1,500))} -> 0.069385 | C503: {=INDEX('Load Time'!$A$4:$A$503,RANDBETWEEN(1,500))} -> 0.059497 | D503: {=INDEX('Load Time'!$A$4:$A$503,RANDBETWEEN(1,500))} -> 0.055703 | E503: {=INDEX('Load Time'!$A$4:$A$503,RANDBETWEEN(1,500))} -> 0.072309 | F503: {=INDEX('Load Time'!$A$4:$A$503,RANDBETWEEN(1,500))} -> 0.071369 | G503: {=INDEX('Load Time'!$A$4:$A$503,RANDBETWEEN(1,500))} -> 0.068644 | H503: {=INDEX('Load Time'!$A$4:$A$503,RANDBETWEEN(1,500))} -> 0.057599 | I503: {=INDEX('Load Time'!$A$4:$A$503,RANDBETWEEN(1,500))} -> 0.058026 | ... CZ503: {=INDEX('Load Time'!$A$4:$A$503,RANDBETWEEN(1,500))} -> 0.073396

Sheet Solution B-Bootstrap
A1: mean = | B1: =AVERAGE(B4:B503) -> 0.07331213 | C1: =AVERAGE(C4:C503) -> 0.073927936 | D1: =AVERAGE(D4:D503) -> 0.073595022 | E1: =AVERAGE(E4:E503) -> 0.073756414 | F1: =AVERAGE(F4:F503) -> 0.073180518 | G1: =AVERAGE(G4:G503) -> 0.074003556 | H1: =AVERAGE(H4:H503) -> 0.073455934 | I1: =AVERAGE(I4:I503) -> 0.07356729 | ... CZ1: =AVERAGE(CZ4:CZ503) -> 0.073497266
A2: perc_99 = | B2: =PERCENTILE(B4:B503,0.99) -> 0.09279406 | C2: =PERCENTILE(C4:C503,0.99) -> 0.09372271 | D2: =PERCENTILE(D4:D503,0.99) -> 0.09387616 | E2: =PERCENTILE(E4:E503,0.99) -> 0.092793 | F2: =PERCENTILE(F4:F503,0.99) -> 0.09279406 | G2: =PERCENTILE(G4:G503,0.99) -> 0.093876 | H2: =PERCENTILE(H4:H503,0.99) -> 0.09280383 | I2: =PERCENTILE(I4:I503,0.99) -> 0.093876 | ... CZ2: =PERCENTILE(CZ4:CZ503,0.99) -> 0.09290877
B3: выборка 1 | C3: выборка 2 | D3: выборка 3 | E3: выборка 4 | F3: выборка 5 | G3: выборка 6 | H3: выборка 7 | I3: выборка 8 | J3: выборка 9 | K3: выборка 10 | L3: выборка 11 | M3: выборка 12 | N3: выборка 13 | O3: выборка 14 | P3: выборка 15 | Q3: выборка 16 | R3: выборка 17 | S3: выборка 18 | T3: выборка 19 | U3: выборка 20 | V3: выборка 21 | W3: выборка 22 | X3: выборка 23 | Y3: выборка 24 | Z3: выборка 25 | AA3: выборка 26 | AB3: выборка 27 | AC3: выборка 28 | AD3: выборка 29 | AE3: выборка 30 | AF3: выборка 31 | AG3: выборка 32 | AH3: выборка 33 | AI3: выборка 34 | AJ3: выборка 35 | AK3: выборка 36 | AL3: выборка 37 | AM3: выборка 38 | AN3: выборка 39 | AO3: выборка 40 | AP3: выборка 41 | AQ3: выборка 42 | AR3: выборка 43 | AS3: выборка 44 | AT3: выборка 45 | AU3: выборка 46 | AV3: выборка 47 | AW3: выборка 48 | AX3: выборка 49 | AY3: выборка 50 | AZ3: выборка 51 | BA3: выборка 52 | BB3: выборка 53 | BC3: выборка 54 | BD3: выборка 55 | BE3: выборка 56 | BF3: выборка 57 | BG3: выборка 58 | BH3: выборка 59 | BI3: выборка 60 | BJ3: выборка 61 | BK3: выборка 62 | BL3: выборка 63 | BM3: выборка 64 | BN3: выборка 65 | BO3: выборка 66 | BP3: выборка 67 | BQ3: выборка 68 | BR3: выборка 69 | BS3: выборка 70 | BT3: выборка 71 | BU3: выборка 72 | BV3: выборка 73 | BW3: выборка 74 | BX3: выборка 75 | BY3: выборка 76 | BZ3: выборка 77 | CA3: выборка 78 | CB3: выборка 79 | CC3: выборка 80 | CD3: выборка 81 | CE3: выборка 82 | CF3: выборка 83 | CG3: выборка 84 | CH3: выборка 85 | CI3: выборка 86 | CJ3: выборка 87 | CK3: выборка 88 | CL3: выборка 89 | CM3: выборка 90 | CN3: выборка 91 | CO3: выборка 92 | CP3: выборка 93 | CQ3: выборка 94 | CR3: выборка 95 | CS3: выборка 96 | CT3: выборка 97 | CU3: выборка 98 | CV3: выборка 99 | CW3: выборка 100 | CX3: выборка 101 | CY3: выборка 102 | CZ3: выборка 103
B4: {=INDEX('Load Time'!$B$4:$B$503,RANDBETWEEN(1,500))} -> 0.069115 | C4: {=INDEX('Load Time'!$B$4:$B$503,RANDBETWEEN(1,500))} -> 0.078841 | D4: {=INDEX('Load Time'!$B$4:$B$503,RANDBETWEEN(1,500))} -> 0.068059 | E4: {=INDEX('Load Time'!$B$4:$B$503,RANDBETWEEN(1,500))} -> 0.070443 | F4: {=INDEX('Load Time'!$B$4:$B$503,RANDBETWEEN(1,500))} -> 0.083459 | G4: {=INDEX('Load Time'!$B$4:$B$503,RANDBETWEEN(1,500))} -> 0.059943 | H4: {=INDEX('Load Time'!$B$4:$B$503,RANDBETWEEN(1,500))} -> 0.088944 | I4: {=INDEX('Load Time'!$B$4:$B$503,RANDBETWEEN(1,500))} -> 0.064793 | ... CZ4: {=INDEX('Load Time'!$B$4:$B$503,RANDBETWEEN(1,500))} -> 0.064638
B5: {=INDEX('Load Time'!$B$4:$B$503,RANDBETWEEN(1,500))} -> 0.08519 | C5: {=INDEX('Load Time'!$B$4:$B$503,RANDBETWEEN(1,500))} -> 0.070192 | D5: {=INDEX('Load Time'!$B$4:$B$503,RANDBETWEEN(1,500))} -> 0.062521 | E5: {=INDEX('Load Time'!$B$4:$B$503,RANDBETWEEN(1,500))} -> 0.068477 | F5: {=INDEX('Load Time'!$B$4:$B$503,RANDBETWEEN(1,500))} -> 0.077471 | G5: {=INDEX('Load Time'!$B$4:$B$503,RANDBETWEEN(1,500))} -> 0.059149 | H5: {=INDEX('Load Time'!$B$4:$B$503,RANDBETWEEN(1,500))} -> 0.070323 | I5: {=INDEX('Load Time'!$B$4:$B$503,RANDBETWEEN(1,500))} -> 0.071131 | ... CZ5: {=INDEX('Load Time'!$B$4:$B$503,RANDBETWEEN(1,500))} -> 0.069338
B6: {=INDEX('Load Time'!$B$4:$B$503,RANDBETWEEN(1,500))} -> 0.076936 | C6: {=INDEX('Load Time'!$B$4:$B$503,RANDBETWEEN(1,500))} -> 0.085461 | D6: {=INDEX('Load Time'!$B$4:$B$503,RANDBETWEEN(1,500))} -> 0.07685 | E6: {=INDEX('Load Time'!$B$4:$B$503,RANDBETWEEN(1,500))} -> 0.092793 | F6: {=INDEX('Load Time'!$B$4:$B$503,RANDBETWEEN(1,500))} -> 0.076419 | G6: {=INDEX('Load Time'!$B$4:$B$503,RANDBETWEEN(1,500))} -> 0.078841 | H6: {=INDEX('Load Time'!$B$4:$B$503,RANDBETWEEN(1,500))} -> 0.070256 | I6: {=INDEX('Load Time'!$B$4:$B$503,RANDBETWEEN(1,500))} -> 0.076807 | ... CZ6: {=INDEX('Load Time'!$B$4:$B$503,RANDBETWEEN(1,500))} -> 0.076987
B7: {=INDEX('Load Time'!$B$4:$B$503,RANDBETWEEN(1,500))} -> 0.085461 | C7: {=INDEX('Load Time'!$B$4:$B$503,RANDBETWEEN(1,500))} -> 0.074415 | D7: {=INDEX('Load Time'!$B$4:$B$503,RANDBETWEEN(1,500))} -> 0.085288 | E7: {=INDEX('Load Time'!$B$4:$B$503,RANDBETWEEN(1,500))} -> 0.079553 | F7: {=INDEX('Load Time'!$B$4:$B$503,RANDBETWEEN(1,500))} -> 0.075427 | G7: {=INDEX('Load Time'!$B$4:$B$503,RANDBETWEEN(1,500))} -> 0.071833 | H7: {=INDEX('Load Time'!$B$4:$B$503,RANDBETWEEN(1,500))} -> 0.079006 | I7: {=INDEX('Load Time'!$B$4:$B$503,RANDBETWEEN(1,500))} -> 0.060425 | ... CZ7: {=INDEX('Load Time'!$B$4:$B$503,RANDBETWEEN(1,500))} -> 0.079553
B8: {=INDEX('Load Time'!$B$4:$B$503,RANDBETWEEN(1,500))} -> 0.059092 | C8: {=INDEX('Load Time'!$B$4:$B$503,RANDBETWEEN(1,500))} -> 0.079748 | D8: {=INDEX('Load Time'!$B$4:$B$503,RANDBETWEEN(1,500))} -> 0.072931 | E8: {=INDEX('Load Time'!$B$4:$B$503,RANDBETWEEN(1,500))} -> 0.07082 | F8: {=INDEX('Load Time'!$B$4:$B$503,RANDBETWEEN(1,500))} -> 0.082015 | G8: {=INDEX('Load Time'!$B$4:$B$503,RANDBETWEEN(1,500))} -> 0.071433 | H8: {=INDEX('Load Time'!$B$4:$B$503,RANDBETWEEN(1,500))} -> 0.070324 | I8: {=INDEX('Load Time'!$B$4:$B$503,RANDBETWEEN(1,500))} -> 0.063071 | ... CZ8: {=INDEX('Load Time'!$B$4:$B$503,RANDBETWEEN(1,500))} -> 0.07543
B9: {=INDEX('Load Time'!$B$4:$B$503,RANDBETWEEN(1,500))} -> 0.076853 | C9: {=INDEX('Load Time'!$B$4:$B$503,RANDBETWEEN(1,500))} -> 0.076807 | D9: {=INDEX('Load Time'!$B$4:$B$503,RANDBETWEEN(1,500))} -> 0.070313 | E9: {=INDEX('Load Time'!$B$4:$B$503,RANDBETWEEN(1,500))} -> 0.077471 | F9: {=INDEX('Load Time'!$B$4:$B$503,RANDBETWEEN(1,500))} -> 0.078758 | G9: {=INDEX('Load Time'!$B$4:$B$503,RANDBETWEEN(1,500))} -> 0.069242 | H9: {=INDEX('Load Time'!$B$4:$B$503,RANDBETWEEN(1,500))} -> 0.08918 | I9: {=INDEX('Load Time'!$B$4:$B$503,RANDBETWEEN(1,500))} -> 0.088923 | ... CZ9: {=INDEX('Load Time'!$B$4:$B$503,RANDBETWEEN(1,500))} -> 0.084422
B10: {=INDEX('Load Time'!$B$4:$B$503,RANDBETWEEN(1,500))} -> 0.079506 | C10: {=INDEX('Load Time'!$B$4:$B$503,RANDBETWEEN(1,500))} -> 0.081098 | D10: {=INDEX('Load Time'!$B$4:$B$503,RANDBETWEEN(1,500))} -> 0.053364 | E10: {=INDEX('Load Time'!$B$4:$B$503,RANDBETWEEN(1,500))} -> 0.072227 | F10: {=INDEX('Load Time'!$B$4:$B$503,RANDBETWEEN(1,500))} -> 0.076031 | G10: {=INDEX('Load Time'!$B$4:$B$503,RANDBETWEEN(1,500))} -> 0.085027 | H10: {=INDEX('Load Time'!$B$4:$B$503,RANDBETWEEN(1,500))} -> 0.082102 | I10: {=INDEX('Load Time'!$B$4:$B$503,RANDBETWEEN(1,500))} -> 0.066689 | ... CZ10: {=INDEX('Load Time'!$B$4:$B$503,RANDBETWEEN(1,500))} -> 0.079006
B11: {=INDEX('Load Time'!$B$4:$B$503,RANDBETWEEN(1,500))} -> 0.070502 | C11: {=INDEX('Load Time'!$B$4:$B$503,RANDBETWEEN(1,500))} -> 0.082893 | D11: {=INDEX('Load Time'!$B$4:$B$503,RANDBETWEEN(1,500))} -> 0.078646 | E11: {=INDEX('Load Time'!$B$4:$B$503,RANDBETWEEN(1,500))} -> 0.068558 | F11: {=INDEX('Load Time'!$B$4:$B$503,RANDBETWEEN(1,500))} -> 0.092793 | G11: {=INDEX('Load Time'!$B$4:$B$503,RANDBETWEEN(1,500))} -> 0.081941 | H11: {=INDEX('Load Time'!$B$4:$B$503,RANDBETWEEN(1,500))} -> 0.073625 | I11: {=INDEX('Load Time'!$B$4:$B$503,RANDBETWEEN(1,500))} -> 0.076312 | ... CZ11: {=INDEX('Load Time'!$B$4:$B$503,RANDBETWEEN(1,500))} -> 0.066564
B12: {=INDEX('Load Time'!$B$4:$B$503,RANDBETWEEN(1,500))} -> 0.077248 | C12: {=INDEX('Load Time'!$B$4:$B$503,RANDBETWEEN(1,500))} -> 0.059995 | D12: {=INDEX('Load Time'!$B$4:$B$503,RANDBETWEEN(1,500))} -> 0.079513 | E12: {=INDEX('Load Time'!$B$4:$B$503,RANDBETWEEN(1,500))} -> 0.070049 | F12: {=INDEX('Load Time'!$B$4:$B$503,RANDBETWEEN(1,500))} -> 0.068382 | G12: {=INDEX('Load Time'!$B$4:$B$503,RANDBETWEEN(1,500))} -> 0.067219 | H12: {=INDEX('Load Time'!$B$4:$B$503,RANDBETWEEN(1,500))} -> 0.063258 | I12: {=INDEX('Load Time'!$B$4:$B$503,RANDBETWEEN(1,500))} -> 0.074977 | ... CZ12: {=INDEX('Load Time'!$B$4:$B$503,RANDBETWEEN(1,500))} -> 0.06592
B13: {=INDEX('Load Time'!$B$4:$B$503,RANDBETWEEN(1,500))} -> 0.067695 | C13: {=INDEX('Load Time'!$B$4:$B$503,RANDBETWEEN(1,500))} -> 0.075504 | D13: {=INDEX('Load Time'!$B$4:$B$503,RANDBETWEEN(1,500))} -> 0.069753 | E13: {=INDEX('Load Time'!$B$4:$B$503,RANDBETWEEN(1,500))} -> 0.078122 | F13: {=INDEX('Load Time'!$B$4:$B$503,RANDBETWEEN(1,500))} -> 0.071121 | G13: {=INDEX('Load Time'!$B$4:$B$503,RANDBETWEEN(1,500))} -> 0.083459 | H13: {=INDEX('Load Time'!$B$4:$B$503,RANDBETWEEN(1,500))} -> 0.076464 | I13: {=INDEX('Load Time'!$B$4:$B$503,RANDBETWEEN(1,500))} -> 0.062524 | ... CZ13: {=INDEX('Load Time'!$B$4:$B$503,RANDBETWEEN(1,500))} -> 0.072227
B14: {=INDEX('Load Time'!$B$4:$B$503,RANDBETWEEN(1,500))} -> 0.079952 | C14: {=INDEX('Load Time'!$B$4:$B$503,RANDBETWEEN(1,500))} -> 0.074409 | D14: {=INDEX('Load Time'!$B$4:$B$503,RANDBETWEEN(1,500))} -> 0.076359 | E14: {=INDEX('Load Time'!$B$4:$B$503,RANDBETWEEN(1,500))} -> 0.082029 | F14: {=INDEX('Load Time'!$B$4:$B$503,RANDBETWEEN(1,500))} -> 0.057337 | G14: {=INDEX('Load Time'!$B$4:$B$503,RANDBETWEEN(1,500))} -> 0.081992 | H14: {=INDEX('Load Time'!$B$4:$B$503,RANDBETWEEN(1,500))} -> 0.064959 | I14: {=INDEX('Load Time'!$B$4:$B$503,RANDBETWEEN(1,500))} -> 0.072272 | ... CZ14: {=INDEX('Load Time'!$B$4:$B$503,RANDBETWEEN(1,500))} -> 0.073475
B15: {=INDEX('Load Time'!$B$4:$B$503,RANDBETWEEN(1,500))} -> 0.070788 | C15: {=INDEX('Load Time'!$B$4:$B$503,RANDBETWEEN(1,500))} -> 0.080087 | D15: {=INDEX('Load Time'!$B$4:$B$503,RANDBETWEEN(1,500))} -> 0.075402 | E15: {=INDEX('Load Time'!$B$4:$B$503,RANDBETWEEN(1,500))} -> 0.073773 | F15: {=INDEX('Load Time'!$B$4:$B$503,RANDBETWEEN(1,500))} -> 0.061053 | G15: {=INDEX('Load Time'!$B$4:$B$503,RANDBETWEEN(1,500))} -> 0.076084 | H15: {=INDEX('Load Time'!$B$4:$B$503,RANDBETWEEN(1,500))} -> 0.066754 | I15: {=INDEX('Load Time'!$B$4:$B$503,RANDBETWEEN(1,500))} -> 0.08488 | ... CZ15: {=INDEX('Load Time'!$B$4:$B$503,RANDBETWEEN(1,500))} -> 0.056248
... B503: {=INDEX('Load Time'!$B$4:$B$503,RANDBETWEEN(1,500))} -> 0.07962 | C503: {=INDEX('Load Time'!$B$4:$B$503,RANDBETWEEN(1,500))} -> 0.067837 | D503: {=INDEX('Load Time'!$B$4:$B$503,RANDBETWEEN(1,500))} -> 0.05971 | E503: {=INDEX('Load Time'!$B$4:$B$503,RANDBETWEEN(1,500))} -> 0.067456 | F503: {=INDEX('Load Time'!$B$4:$B$503,RANDBETWEEN(1,500))} -> 0.080803 | G503: {=INDEX('Load Time'!$B$4:$B$503,RANDBETWEEN(1,500))} -> 0.05868 | H503: {=INDEX('Load Time'!$B$4:$B$503,RANDBETWEEN(1,500))} -> 0.090472 | I503: {=INDEX('Load Time'!$B$4:$B$503,RANDBETWEEN(1,500))} -> 0.082152 | ... CZ503: {=INDEX('Load Time'!$B$4:$B$503,RANDBETWEEN(1,500))} -> 0.06695

Sheet Solution Diff & CI
A1: diff_mean | B1: ='Solution B-Bootstrap'!B1 - 'Solution A-Bootstrap'!B1 -> 0.001849604 | C1: ='Solution B-Bootstrap'!C1 - 'Solution A-Bootstrap'!C1 -> 0.003596366 | D1: ='Solution B-Bootstrap'!D1 - 'Solution A-Bootstrap'!D1 -> 0.004130374 | E1: ='Solution B-Bootstrap'!E1 - 'Solution A-Bootstrap'!E1 -> 0.003271994 | F1: ='Solution B-Bootstrap'!F1 - 'Solution A-Bootstrap'!F1 -> 0.003488196 | G1: ='Solution B-Bootstrap'!G1 - 'Solution A-Bootstrap'!G1 -> 0.004212908 | H1: ='Solution B-Bootstrap'!H1 - 'Solution A-Bootstrap'!H1 -> 0.002572372 | I1: ='Solution B-Bootstrap'!I1 - 'Solution A-Bootstrap'!I1 -> 0.003839662 | ... CZ1: ='Solution B-Bootstrap'!CZ1 - 'Solution A-Bootstrap'!CZ1 -> 0.002849424
A2: diff_perc | B2: ='Solution B-Bootstrap'!B2 - 'Solution A-Bootstrap'!B2 -> -0.00627494 | C2: ='Solution B-Bootstrap'!C2 - 'Solution A-Bootstrap'!C2 -> -0.00133029 | D2: ='Solution B-Bootstrap'!D2 - 'Solution A-Bootstrap'!D2 -> -0.00388453 | E2: ='Solution B-Bootstrap'!E2 - 'Solution A-Bootstrap'!E2 -> -0.00351 | F2: ='Solution B-Bootstrap'!F2 - 'Solution A-Bootstrap'!F2 -> -0.00108321 | G2: ='Solution B-Bootstrap'!G2 - 'Solution A-Bootstrap'!G2 -> -0.000798 | H2: ='Solution B-Bootstrap'!H2 - 'Solution A-Bootstrap'!H2 -> -0.00502517 | I2: ='Solution B-Bootstrap'!I2 - 'Solution A-Bootstrap'!I2 -> 0.00076422 | ... CZ2: ='Solution B-Bootstrap'!CZ2 - 'Solution A-Bootstrap'!CZ2 -> -0.00717023
C7: Интервал на основе персентилей | F7: левая граница | G7: правая граница
C8: conf.level= | D8: 0.8 | E8: diff_mean | F8: =PERCENTILE($B1:$CZ1,(1-$D$8)/2) -> 0.0022656752 | G8: =PERCENTILE($B1:$CZ1,1-(1-$D$8)/2) -> 0.0038345248
E9: diff_perc | F9: =PERCENTILE($B2:$CZ2,(1-$D$8)/2) -> -0.007635318 | G9: =PERCENTILE($B2:$CZ2,1-(1-$D$8)/2) -> -0.001334096
